{
  "timestamp": "20260409_140652",
  "num_configs": 2,
  "dataset": {
    "subset": "FinQA",
    "sample_size": 1
  },
  "system_info": {
    "python": "3.12.3",
    "os": "Linux",
    "os_version": "6.17.0-19-generic",
    "platform": "Linux-6.17.0-19-generic-x86_64-with-glibc2.39",
    "gpu": "NVIDIA GeForce RTX 3050 Ti Laptop GPU",
    "gpu_memory_total_mb": "4096 MiB"
  },
  "results": [
    {
      "config_name": "recursive_cs1000_co200_nomic-embed-text:latest_gemma3:4b",
      "llm_model": "gemma3:4b",
      "embedding_model": "nomic-embed-text:latest",
      "chunking_strategy": "recursive",
      "chunk_size": 1000,
      "chunk_overlap": 200,
      "num_chunks": 7,
      "num_questions": 1,
      "avg_ttft_seconds": 5.59794243100032,
      "avg_tokens_per_second": 2.143644767324924,
      "avg_gpu_utilization_pct": 49.0,
      "avg_gpu_memory_used_mb": 2485.0,
      "ragas_faithfulness": 0.3333333333333333,
      "ragas_answer_relevancy": 0.4761929761850363,
      "ragas_context_precision": 0.9999999999,
      "ragas_context_recall": 1.0,
      "total_time_seconds": 83.74503437999965,
      "stats": {
        "ttft_seconds": {
          "mean": 5.59794243100032,
          "std": 0.0,
          "min": 5.59794243100032,
          "max": 5.59794243100032,
          "median": 5.59794243100032,
          "count": 1
        },
        "tokens_per_second": {
          "mean": 2.143644767324924,
          "std": 0.0,
          "min": 2.143644767324924,
          "max": 2.143644767324924,
          "median": 2.143644767324924,
          "count": 1
        },
        "gpu_utilization_pct": {
          "mean": 49.0,
          "std": 0.0,
          "min": 49.0,
          "max": 49.0,
          "median": 49.0,
          "count": 1
        },
        "gpu_memory_mb": {
          "mean": 2485.0,
          "std": 0.0,
          "min": 2485.0,
          "max": 2485.0,
          "median": 2485.0,
          "count": 1
        },
        "ragas_faithfulness": {
          "mean": 0.3333333333333333,
          "std": 0.0,
          "min": 0.3333333333333333,
          "max": 0.3333333333333333,
          "median": 0.3333333333333333,
          "count": 1
        },
        "ragas_answer_relevancy": {
          "mean": 0.4761929761850363,
          "std": 0.0,
          "min": 0.4761929761850363,
          "max": 0.4761929761850363,
          "median": 0.4761929761850363,
          "count": 1
        },
        "ragas_context_precision": {
          "mean": 0.9999999999,
          "std": 0.0,
          "min": 0.9999999999,
          "max": 0.9999999999,
          "median": 0.9999999999,
          "count": 1
        },
        "ragas_context_recall": {
          "mean": 1.0,
          "std": 0.0,
          "min": 1.0,
          "max": 1.0,
          "median": 1.0,
          "count": 1
        }
      },
      "per_sample": [
        {
          "question": "What was the change in compensation and benefits liability for Goldman Sachs in millions from December 2013 to December 2014?",
          "ground_truth": "494.0",
          "answer": "$8368 to $8368",
          "contexts": [
            "|    | $ in millions                                        | as of december 2014   | as of december 2013   |\n|---:|:-----------------------------------------------------|:----------------------|:----------------------|\n|  0 | compensation and benefits                            | $ 8368                | $ 7874                |\n|  1 | noncontrolling interests1                            | 404                   | 326                   |\n|  2 | income tax-related liabilities                       | 1533                  | 1974                  |\n|  3 | employee interests in consolidated funds             | 176                   | 210                   |\n|  4 | subordinated liabilities issued by consolidated vies | 843                   | 477                   |\n|  5 | accrued expenses and other                           | 4751                  | 5183                  |\n|  6 | total                                                | $ 16075               | $ 16044               |",
            "following the exchange , these trust preferred securities , common beneficial interests and junior subordinated debt were extinguished and the firm recognized a gain of $ 289 million ( $ 270 million of which was recorded at extinguishment in the third quarter of 2014 ) , which is included in 201cmarket making 201d in the consolidated statements of earnings .\nsubsequent to this exchange , during the second half of 2014 , the firm purchased $ 214 million ( par amount ) of trust preferred securities and delivered these securities , along with $ 6.6 million of common beneficial interests , to the trust in february 2015 in exchange for a corresponding par amount of the junior subordinated debt .\nthe trust is a wholly-owned finance subsidiary of the firm for regulatory and legal purposes but is not consolidated for accounting purposes .\nthe firm pays interest semi-annually on the junior subordinated debt at an annual rate of 6.345% ( 6.345 % ) and the debt matures on february 15 , 2034 .",
            "the firm pays interest semi-annually on the junior subordinated debt at an annual rate of 6.345% ( 6.345 % ) and the debt matures on february 15 , 2034 .\nthe coupon rate and the payment dates applicable to the beneficial interests are the same as the interest rate and payment dates for the junior subordinated debt .\nthe firm has the right , from time to time , to defer payment of interest on the junior subordinated debt , and therefore cause payment on the trust 2019s preferred beneficial interests to be deferred , in each case up to ten consecutive semi-annual periods .\nduring any such deferral period , the firm will not be permitted to , among other things , pay dividends on or make certain repurchases of its common stock .\nthe trust is not permitted to pay any distributions on the common beneficial interests held by group inc .\nunless all dividends payable on the preferred beneficial interests have been paid in full .\nnote 17 .",
            "1 .\nprimarily relates to consolidated investment funds .\ngoldman sachs 2014 annual report 163 .",
            "junior subordinated debt issued in connection with trust preferred securities .\ngroup inc .\nissued $ 2.84 billion of junior subordinated debt in 2004 to goldman sachs capital i ( trust ) , a delaware statutory trust .\nthe trust issued $ 2.75 billion of guaranteed preferred beneficial interests ( trust preferred securities ) to third parties and $ 85 million of common beneficial interests to group inc .\nand used the proceeds from the issuances to purchase the junior subordinated debt from group inc .\nduring the second quarter of 2014 , the firm purchased $ 1.22 billion ( par amount ) of trust preferred securities and delivered these securities , along with $ 37.6 million of common beneficial interests , to the trust in the third quarter of 2014 in exchange for a corresponding par amount of the junior subordinated debt ."
          ],
          "ttft_seconds": 5.59794243100032,
          "total_seconds": 5.59794243100032,
          "token_count": 12,
          "tokens_per_second": 2.143644767324924,
          "gpu_usage": {
            "gpu_utilization_pct": 49.0,
            "memory_used_mb": 2485.0,
            "memory_total_mb": 4096.0
          },
          "ragas_scores": {
            "faithfulness": 0.3333333333333333,
            "answer_relevancy": 0.4761929761850363,
            "context_precision": 0.9999999999,
            "context_recall": 1.0
          }
        }
      ]
    },
    {
      "config_name": "recursive_cs1000_co200_nomic-embed-text:latest_Qwen/Qwen3-32B-AWQ",
      "llm_model": "Qwen/Qwen3-32B-AWQ",
      "embedding_model": "nomic-embed-text:latest",
      "chunking_strategy": "recursive",
      "chunk_size": 1000,
      "chunk_overlap": 200,
      "num_chunks": 7,
      "num_questions": 1,